id;name;start_date;end_date;part_id
1;mesh infrastructures;2020-04-15T14:35:48;2020-04-26T10:23:11;1
2;Illinois product;2020-04-14T09:07:10;2020-04-26T04:25:48;2
3;monitor Investment Account;2020-04-13T07:59:34;2020-04-26T05:57:08;3
4;programming schemas;2020-04-09T09:10:28;2020-04-26T02:04:38;4
5;Books;1220-04-23T05:35:49;2020-04-26T09:43:27;5
6;Fields mission-critical Unbranded Cotton Computer;2020-04-15T23:17:05;2020-04-25T20:50:06;6
7;Missouri core;2020-04-18T23:20:08;2020-04-26T02:26:20;7
8;matrix haptic Mobility;2020-04-20T02:10:10;2020-04-25T19:51:57;8
9;Front-line;2020-03-23T05:19:47;2020-04-26T02:46:31;9
10;orchid;2020-03-23T09:31:12;2020-04-26T07:03:38;10
